item_id|date|category|title|content|link|photo_link
aipl_20250303_1|2025-03-03|政治|民團告發傅崐萁涉外患與強制罪 高檢署：依法辦理|經民連與台灣東社今天分別告發國民黨立委傅崐萁涉犯外患罪、反滲透法與強制罪；高檢署表示，已收到告發狀，後續依法辦理。至晚間9時止，尚無法取得傅崐萁對此事的回應。台灣經濟民主連合智庫召集人賴中強等人今天在台灣高等檢察署前舉行記者會，現場發放的新聞資料指稱中國國民黨立法院黨團總召集人傅崐萁未獲行政院授權，2月到香港與多名香港區議員、香港旅遊業監管局官員等會商，宣稱代表「台灣的中央政府」，承諾台灣政府願提供補助進行在台跨縣市觀光合作。經民連說，傅崐萁去年率國民黨團17名成員訪問中國，會見中國人民政治協商會議全國委員會主席王滬寧等官員，返台後即遊說行政院官員等，開放福建平潭與台灣間海上客運直航復航。另外，傅崐萁昨天在花蓮一場活動中致詞時，近80歲的退休教師葉春蓮起身「嗆聲」被請出場，引發許多民眾及曾被葉春蓮教過的學生不滿。台灣東社發言人陳財能上午到花蓮縣警察局花蓮分局軒轅派出所，告發傅崐萁等違反中華民國刑法強制罪，要求警方做好證據保全及即刻調查，維護花蓮人人身自由及權利。|/news/aipl/202503030336.aspx|https://imgcdn.cna.com.tw/www/WebPhotos/200/20250303/1200x800_wmky_141666447751_202503030044000000.jpg
aipl_20250303_2|2025-03-03|政治|罷免案32藍委一階過關 吳思瑤等12綠委待補件|中選會說，今天新增13件立委罷免案一階過關，另3件未達門檻。據了解，通過者皆為國民黨立委，未通過者為吳思瑤等3名民進黨立委。截至今天，共32件國民黨立委罷免案可進入二階連署，12件民進黨立委罷免案未過門檻，待補件。據了解，中選會最新一波審核通過名單，包括國民黨立委林德福、張智倫、楊瓊瓔、洪孟楷、羅明才、徐巧芯、賴士葆、廖先翔、徐欣瑩、林思銘、江啟臣、羅智強、謝衣鳯共13人。至於3件未達提議門檻為民進黨立委吳思瑤、吳沛憶與陳瑩罷免案，補提以1次為限。除此之外，先前經中選會一階審核通過名單包括國民黨立委王鴻薇、李彥秀、葉元之、牛煦庭、涂權吉、魯明哲、萬美玲、呂玉玲、邱若華、鄭正鈐、游顥、馬文君、顏寬恒、廖偉翔、黃健豪、羅廷瑋、丁學忠、黃建賓、傅崐萁共19人，以及遭停職的新竹市長高虹安，另還有民進黨南投縣議員蔡銘軒、陳玉鈴。先前未通過的9案則為民進黨立委伍麗華、張宏陸、蘇巧慧、李坤城、蔡其昌、何欣純、陳冠廷、林俊憲、王定宇，尚待補件。目前立委罷免案方面，僅剩無黨籍立委陳超明；國民黨立委邱鎮軍、林沛祥；民進黨立委黃捷、許智傑、王美惠、吳琪銘與陳俊宇結果尚未出爐。多個罷免團體趕在公職人員選舉罷免法修正條文2月20日生效前，遞交第一階段罷免提議書。中選會共收到64案罷免案送件，其中54案為立委（部分為罷免對象為同1人，或經不予受理程序後重行送件），1案為縣市長罷免案，9案為縣市議員罷免案。根據中選會網站，符合門檻規定者，在審議通過後函請提議領銜人於文到次日起10日內至中選會領取連署人名冊格式。如不符門檻規定，則會請其補提，補提以1次為限。根據中選會網站，罷免程序為提議、連署與投票3大階段。第1階段提議人數需達原選舉區選舉人總數1%以上，中選會收件後，會在25天內查對提議人名冊是否正確；若進入第2階段連署，連署人數應為原選舉區選舉人總數10%以上，徵求連署書期限為60天，且提議人不得與連署人重複；若進入第3階段投票，有效同意票數須多於不同意票數，且同意票數達原選舉區選舉人總數1/4以上，才算罷免通過。|/news/aipl/202503030276.aspx|https://imgcdn.cna.com.tw/www/webphotos/WebCover/420/20250303/1140x855_90887184527.jpg
aipl_20250303_3|2025-03-03|政治|美媒：台灣與捷克共築生命線 中俄壓力下加強合作|華爾街日報報導，在當今強權政治主導的國際秩序下，受中國與俄羅斯影響的台灣與捷克，因共同的地緣政治壓力，建立更緊密的合作關係，涵蓋安全、經貿、科技等領域，試圖在不穩定的全球局勢下尋求生存之道。華爾街日報（The Wall Street Journal）2日以「兩個與俄中對立的小國交換生存之道」為標題，報導台灣與捷克身處在中國與俄羅斯的陰影下，雙方因共同處境而攜手合作。報導指出，「對於這座飽受壓力的太平洋島嶼來說，一條生命線來自半個地球之外、內陸的斯拉夫國家。」在川普總統主導下，美國的外交政策趨於對立性。台灣將美國、烏克蘭關係惡化視為警訊，擔憂若中國發動入侵，華府對台灣的保衛承諾是否可靠。捷克智庫「歐洲價值安全政策中心」（European Values Center for Security Policy）執行長楊雅嚳（Jakub Janda）表示：「這關係到小國如何生存。」國安會秘書長、前外交部長吳釗燮過去訪問布拉格時表示：「每當我們需要支持時，捷克總是會支持我們。」外交官與商界人士表示，布拉格與台北的友誼涵蓋情報、貿易與投資合作，對雙方皆有助益。自2023年以來，台灣與歐洲均遭遇多次海底電纜連結中斷，許多人懷疑是中國與俄羅斯所為。捷克國家網路及資訊安全局（NÚKIB）局長金特（Lukas Kintr）表示，他的團隊與台灣數發部分享大量關於俄羅斯在歐洲進行影響力作戰的資訊，「我們也能從台灣學習如何應對中國。」北京試圖透過政治與經濟手段分化捷克與台灣關係，捷克反情報局（BIS）局長考德爾卡（Michal Koudelka）表示：「我們知道中國密切關注台灣在這裡的活動。」報導指出，北京試圖分化的影響力有限，原因在於中國在捷克出口貿易中的占比不到2%。另一方面，捷克清楚自身經濟規模有限，無法成為台灣的主要貿易夥伴。當台積電2023年宣布投資100億美元在德國德勒斯登設廠時，一些捷克人感到失望。然而，但捷克仍能從中受惠，台灣政府正與台積電供應商合作，促成捷克境內的企業投資與產業聚落。捷克自2004年加入歐盟以來，已成台灣科技企業進入歐洲市場的據點，例如鴻海（Foxconn）、宏碁（Acer）、華碩（Asus）等企業均在捷克投資設廠。此外，2023年華航自開通台北和布拉格直航航線，成為最成功的航線之一，帶動兩地的商業與觀光往來。台灣官員表示，華航計劃進一步增加航班。回顧捷克對中國、台灣關係，捷克在共產時代曾與中國維持所謂的「社會主義兄弟情誼」，但1989年民主化後，外交政策出現重大轉變。當時的捷克總統哈維爾（Vaclav Havel）強調道德外交，支持民主與人權，並與西藏精神領袖達賴喇嘛建立友誼，引發北京不滿。此外，2003年哈維爾卸任後訪問時任總統李登輝，也進一步激怒中國。然而，2008年金融危機後，捷克一度轉向親中政策。2013年，親中總統齊曼（Milos Zeman）上台，推動與中國的經貿合作，並於2016年在布拉格接待中國主席習近平，試圖吸引中國投資。然而，2018年中國突然以詐欺罪逮捕在捷克投資最大的中國商人，使許多合作的捷克夥伴損失慘重。在COVID-19疫情期間，中國在捷克的形象進一步惡化，捷克對台支持則持續升溫。2020年，捷克參議長維特齊（Milos Vystrcil）訪台，並在台灣立法院用中文說出：「我是台灣人。」2023年，前北約將領帕維爾（Petr Pavel）當選為捷克新總統後，旋即與前總統蔡英文通話，引發北京譴責。值得一提的是，台北贈送布拉格的穿山甲在當地動物園成功繁殖兩隻小穿山甲，此成功案例在兩國皆受到熱烈歡迎。|/news/aipl/202503030274.aspx|https://imgcdn.cna.com.tw/www/webphotos/WebCover/420/20250303/1154x866_631820437631.jpg
aipl_20250303_4|2025-03-03|政治|藍委擬幫國軍加薪  國防部：應依法徵詢行政院|國民黨立法院黨團今天表示，將修法提高志願役津貼，以及修法將戰鬥加給加倍等。國防部指出，提升官兵待遇福利一向是政府努力推動事項，若立法院要修法提出加薪方案，應依法徵詢行政院，行政團隊也須評估相關影響。國民黨團今天上午召開記者會，書記長王鴻薇表示，將修法提高志願役津貼，從原本的新台幣1萬元提高至3萬元，以及修法將戰鬥加給加倍、提高地域加給、超時加給等。國防部發言人孫立方少將下午受訪指出，提升官兵待遇福利一向是政府努力推動事項，國防部已研擬調增「志願役加給」及「戰鬥部隊加給」等方案，目前由行政院審議中。孫立方表示，依預算法第91條規定，立委所提法律案若大幅增加歲出或減少歲入者，應先徵詢行政院的意見，指明彌補資金的來源，必要時，並應同時提案修正其他法律。孫立方指出，立委提案修法增加官兵待遇等，對國軍官兵雖屬正向支持，但應兼顧國家整體施政負擔及可行性，依法應先徵詢行政院的意見，避免政府預算膨脹或影響整體施政，「這是目前國防部對這件事情的基本態度與立場」。|/news/aipl/202503030260.aspx|
ait_20250302_1|2025-03-02|科技|美國太空飛行器「藍色幽靈」登陸月球 第2家民營企業締壯舉[影]|美國新創太空公司「螢火蟲太空」（Firefly Aerospace）的「藍色幽靈任務1號」（Blue Ghost Mission 1）登月器今天成功登陸月球，這是第2家民營企業締造登月壯舉。路透社報導，「藍色幽靈任務1號」於美東時間凌晨3時34分在月球東北近側危海（Mare Crisium）的火山區拉特雷耶山（Mons Latreille）附近著陸。成功登月後，藍色幽靈任務的主管艾倫斯沃斯（Ray Allenswort）在德州奧斯汀（Austin）的任務控制中心透過網路直播表示：「登陸器確實表現良好。我們沒有出現任何重大異常狀況，太棒了。」螢火蟲太空成為史上第2家實現月球軟著陸的民營企業。去年2月，美企「直覺機器」（Intuitive Machines）打造的「奧德修斯號」（Odysseus）從月球軌道降落，登陸月球南極附近。這是美國逾半世紀以來首次登月任務，也是歷來首艘民間太空飛行器登月。此次任務綽號為「天空中的幽靈騎士」，是在首次商業登月一年多後進行，也是美國國家航空暨太空總署（NASA）與業界合作，以削減成本並支援「阿提米絲」（Artemis）重返月球計畫的一環。金色的「藍色幽靈」大小約與河馬相當，1月15日由美國太空探索科技公司（SpaceX）獵鷹9號（Falcon 9）火箭發射升空，沿途捕捉壯觀的地球和月球畫面。它與日本公司ispace的「強韌號」（Resilience）共乘獵鷹9號升空，「強韌號」則是預計5月嘗試著陸。「藍色幽靈」攜帶10台儀器，包括月球土壤分析儀、耐輻射電腦等，計劃運行一整個月球日（相當於地球上的14天），預計3月14日捕捉日全食的高解析度影像。|/news/ait/202503020141.aspx|https://imgcdn.cna.com.tw/www/webphotos/WebCover/420/20250302/1272x954_268236808243.jpg
ait_20250303_2|2025-03-03|科技|雲達、技嘉揮軍MWC 展示AI與邊緣運算應用|2025年世界行動通訊大會（MWC）今天起在西班牙巴塞隆納登場，吸引全球科技業目光，代工廠廣達子公司雲達科技、板卡廠技嘉都親自與會，展示人工智慧（AI）、邊緣運算及機器人等最新技術。雲達發布新聞稿說明，在今年MWC大會上，將展示與Red Hat、Samsung Electronics Co., Ltd.、Solomon、新加坡科技設計大學、台灣大哥大、達明機器人、Viavi、Vossic、Wind River等廠商和開放社群的最新合作成果。雲達也將展示最新取得認證的邊緣伺服器、OmniPOD端到端5G企業專網解決方案，以及與夥伴的多項合作，包括人工智慧/機器學習（AI/ML）節能模型、數位孿生模擬、遠距人工智慧物聯網（AIoT）、自動化機器人、智慧校園等。雲達科技總經理楊麒令表示，藉由與生態系統合作夥伴密切合作，雲達能夠創新並提供推動產業前進的尖端解決方案。透過在AI、邊緣運算和機器人技術方面的最新努力，可以確保能夠滿足客戶不斷變化的需求。技嘉將在MWC 2025展示從AI開發到部署的運算解決方案，呼應大會「企業再創」及「AI加乘」主題。技嘉的AI開發解決方案包括新世代G893 AI伺服器，可支援NVIDIA B200、AMD MI325X、Intel Gaudi-3等繪圖處理器（GPU）；另將展示叢集式運算產品GIGAPOD，提供一站式AI訓練解決方案。針對AI部署方案，技嘉將展出R系列伺服器，採用CXL記憶體互連技術，可降低傳輸延遲與布建成本；另將首度公開3U刀鋒式終端伺服器，提供高密度運算架構。|/news/ait/202503030310.aspx|
ait_20250303_3|2025-03-03|科技|歐洲追求太空雄心 阿利安6型火箭將執行首趟商業飛行|歐洲新的重型載運火箭「阿利安6型」預計今天執行首趟商業飛行任務。在美國與俄羅斯關係出乎預料破冰之際，歐洲國家試圖確保自己有能力獨力進入太空。法新社報導，「阿利安6型」（Ariane 6）經過數次延宕後，將於當地時間今天下午1時24分（台灣時間4日凌晨0時24分）從法屬圭亞那的庫魯（Kourou）發射場發射升空。這將是「阿利安6型」自去年7月首次試射以來，第2次升空。「阿利安6型」將載運法國軍用衛星CSO-3，預計將該顆衛星放置離地表約800公里高的軌道上。CSO-3有望提升法國的軍事自主程度及強化法軍的情蒐能力。法國執行這項引人注目的太空任務之際，法國總統馬克宏（Emmanuel Macron）正呼籲歐洲降低對美國的安全依賴；歐洲太空產業面對美國億萬富豪馬斯克（Elon Musk）旗下太空探索科技公司（SpaceX）時，也正努力維持競爭力。CSO-3將完成由法國3顆軍用衛星組成的偵察網絡；前2顆衛星分別在2018年和2020年由俄羅斯聯合號（Soyuz）火箭載運升空。不過，自2022年俄羅斯入侵烏克蘭後，歐洲一直未能使用聯合號火箭執行衛星發射任務，而「阿利安6型」的前身、「阿利安5型」（Ariane 5）已在2023年退役。|/news/ait/202503030277.aspx|
ait_20250303_4|2025-03-03|科技|美國聯邦航空總署開綠燈 SpaceX星艦將第8度試射|美國太空探索科技公司（SpaceX）的「星艦」（Starship）火箭預計於德州時間今天下午5時30分（台灣時間4日早上7時30分）進行第8次試射，屆時將全程網路直播。法新社報導，星艦將於當地時間下午5時30分，在SpaceX位於德州波卡契卡（Boca Chica）的私有太空港「星際基地」（Starbase）發射。星艦上次發射後在加勒比海上空爆炸。高聳的星艦比93公尺高的自由女神像還要高約30公尺，目標是能夠完全重複使用。這款火箭在SpaceX執行長馬斯克（Elon Musk）與SpaceX的火星殖民願景中扮演關鍵角色。星艦今年1月16日進行第7度試射時，上節火箭在英屬土克凱可群島（Turks and Caicos Islands）上空爆炸解體，隨即遭美國聯邦航空總署（Federal Aviation Administration，FAA）下令停飛。不過，FAA於2月28日表示，在該署完成SpaceX「事故調查」之前，星艦可恢復飛行。事發後SpaceX已針對上節火箭進行多項升級，以強化其可靠性並提升性能。最新的試射任務預計將持續約1小時，包括將再度使用發射塔的大型機器手臂「筷子」（chopstick）接住助推器。包括上次試射在內，SpaceX過去一共2度成功執行這項功能。此外，SpaceX還將部署模仿次世代星鏈（Starlink）衛星的模擬器，模擬器在重新進入大氣層時會自行燒毀。SpaceX的最終目標是回收上節火箭，但根據目前的計畫，上節火箭將在澳洲西部外海濺落，就和之前的試射行動一樣。SpaceX實現太空探險目標之前，必須證明星艦具備飛行能力和適合載人任務的安全性，而且還必須展示複雜的太空加油技術，利用其他的星艦作為加油機，以達成長距離太空旅行的目標。|/news/ait/202503030223.aspx|
aspt_20250303_1|2025-03-03|運動|許基宏5年約平均月薪80萬 王威晨李振昌獲複數年約|中職中信兄弟近4年奪3座總冠軍，球團今天公布球員調薪結果，整體薪資調幅超過11.4%，許基宏簽下5年平均月薪新台幣80萬元合約，野手王威晨、投手李振昌獲複數年約。兄弟今天發布新聞稿公布新球季球員談薪結果，2025年球季全隊薪資微幅調整超過11.4%。中信兄弟球團感謝球員們為球隊的付出，也期盼今年能夠一起邁向「連霸」之路，共同「進化」。兄弟野手許基宏於2014年季中加入團隊，在去年球季結束後，積極與球團討論留隊的規劃，兄弟球團與許基宏達成5年平均月薪80萬元的合約共識，今年月薪也由52萬元調升至64萬元、調幅23.1%，期待許基宏在接下來的5年持續披上黃衫，為中信兄弟努力奮戰。兼俱領導能力的野手王威晨與投手李振昌，今年皆與球團簽訂複數年合約，王威晨今年月薪77萬元，李振昌則是月薪63萬元，期待兩人持續用表現帶領團隊，也為球隊帶給學弟們更多正面影響力。2019年季中選秀加入兄弟的曾頌恩，2024年迎來個人生涯年，在攻守兩端都呈現破繭而出的佳績，更一舉拿下總冠軍賽MVP的殊榮，入圍「年度最佳進步獎」。兄弟球團公布，曾頌恩今年月薪也由13萬元調升至24萬元、調幅84.6%，期待曾頌恩能夠繼續以高水準的表現再創生涯高峰，迎接未來每場艱難戰役。近年兄弟後援防線最倚重的兩名投手呂彥青與吳俊偉，在今年也雙雙獲得加薪。呂彥青今年月薪由50萬元調升至62萬元、調幅24%；吳俊偉則是由月薪38萬元調升至50萬元、調幅31.6%。其他調薪部分，野手岳東華月薪由36萬元調升至48萬元、調幅33.3%；野手岳政華月薪30萬元調升至42萬元、調幅40%；捕手高宇杰月薪由26萬元調升至38萬元、調幅46.2%；野手王政順月薪由16.5萬元調升至20萬元、調幅21.2%；捕手林吳晉瑋月薪由11萬元調升至15萬元，調幅36.4%；投手謝榮豪月薪由21元萬調升至28萬元、調幅33.3%；投手黃恩賜月薪由16萬元調升至22萬元、調幅37.5%；投手魏碩成月薪由15萬元調升至19萬元、調幅26.7%；野手宋晟睿本季也獲加薪6萬元。兄弟球團對於表現優異選手給予加薪肯定，而表現差強人意的球員則小幅降薪。小幅扣薪部分，投手鄭浩均月薪38萬元調降至35萬元、吳哲源月薪22萬元調降至20萬元、楊志龍月薪15萬元調降至12.5萬元、江忠城月薪13.5萬元調降至10萬元。|/news/aspt/202503030314.aspx|https://imgcdn.cna.com.tw/www/WebPhotos/200/20250303/1200x872_wmky_215865797241_202408100213000000.jpg
aspt_20250303_2|2025-03-03|運動|美職運動家下放7人 莊陳仲敖林家正回小聯盟春訓|美國職棒奧克蘭運動家隊公布大聯盟春訓名單異動，下放7名球員包括台灣投手莊陳仲敖、捕手林家正，下放球員將回到小聯盟春訓。24歲投手莊陳仲敖為今年世界棒球經典賽資格賽（WBCQ）台灣代表隊成員，在2月25日與西班牙決勝關鍵一役扛先發，投3局被敲4支安打，投出1次三振，失掉2分責失分，台灣以6比3獲勝，莊陳仲敖為勝投。莊陳仲敖結束資格賽結束隔天返美投入大聯盟春訓，但還沒有出賽紀錄，將回到小聯盟春訓。莊陳仲敖去年最高層級上到小聯盟2A，在2A有5場出賽（4場先發），戰績1勝、防禦率2.05。捕手林家正去年世界12強棒球賽表現亮眼，今年也有被選入世界棒球經典賽資格賽集訓名單，但後來因與運動家隊簽約獲邀大聯盟春訓，辭退資格賽台灣隊。林家正在大聯盟春訓熱身賽有3場出賽，總計2打數沒有敲出安打；林家正去年球季最高層級也上到小聯盟2A，在2A總計14場出賽，共44打數敲出18支安打，包括1發全壘打，打擊率4成09。運動家隊大聯盟春訓除了40人名單外，另有16名球員受邀，今天公告7名球員下放回小聯盟，包括台灣球員莊陳仲敖和林家正。|/news/aspt/202503030221.aspx|https://imgcdn.cna.com.tw/www/WebPhotos/200/20250303/2000x1446_wmky_538242163671_0.jpg
aspt_20250303_3|2025-03-03|運動|悍將國際球探羅力加入春訓  9日安排球迷見面會|中華職棒富邦悍將今天發布新聞稿表示，國際球探羅力本週將回台加入悍將春訓，球團規劃在9日自辦熱身賽前舉辦見面會，並有限量39名會員帳號兌換拍照會資格。首名取得中職本土球員資格的外籍投手羅力（Mike Loree）退役後，轉任富邦悍將國際球探，協助處理外籍洋將尋才及相關事務，也多次代表悍將出席大聯盟冬季會議。悍將球團發布新聞稿表示，今年球季開打前，羅力預計在本週回到台灣參加悍將春訓，協助洋將調整及客座指導悍將投手群。悍將球團9日將在新莊棒球場舉辦自辦熱身賽，賽前安排羅力於下午4時於2樓場外舞台出席球員見面會，球迷朋友可以透過富邦悍將APP報名參加，兌換拍照會資格，每會員帳號限兌換一組（限量39名）。|/news/aspt/202503030184.aspx|
aspt_20250303_4|2025-03-03|運動|首屆總統盃足球賽4/21開踢 鼓勵成年愛好者參與|2025全國總統盃足球錦標賽將於4月12日展開，並從今天起開放年滿18歲愛好者報名，爭奪總獎金新台幣470萬元；中華民國足球協會理事長王麟祥說，成年足球近來有好表現，也值得被鼓勵。台灣足球曾於1960到1990年代舉辦過中正盃、足協盃等，由社會球隊報名參加，男子組有老牌球隊飛駝、北市銀，女子組則有宜寧、銘傳、景文等球隊。王麟祥在致詞時表示，現在隨著企業聯賽和木蘭聯賽逐步躍上國際舞台，以及台灣足球在國際賽能度越來越高的情況下，「是時候讓台灣足球在企業聯賽以外，擁有最高等級別的賽事了。」王麟祥強調，台灣的青少年足球和幼兒足球發展得相當成功，但成年人層級的足球也應該被鼓勵，「自從我上任以來就一直努力調整足協的事務，所以也特別感謝這次願意贊助獎金的企業。」比賽從今天起開放報名，預賽場地預計在高雄楠梓足球場及高雄國家體育場，賽制男、女各以報名32隊為上限，預賽分為4隊1組採雙循環賽，分組賽前2名晉級單淘汰賽。更特別的是，這次總統盃的球隊報名時分為A、B名單，參考目前國際賽方式，B名單為男子U23/女子U20的選手，每隊最多可提報5名，鼓勵球隊挖掘具發展潛力新秀，也可讓國家隊總教練選訓參考。|/news/aspt/202503030178.aspx|https://imgcdn.cna.com.tw/www/WebPhotos/200/20250303/1086x768_wmky_0_C20250303000096.jpg
